{"cameraMode":{"drawMode":0,"name":"Shaded","section":"Shading Mode"},"sceneLighting":false,"audioPlay":false,"sceneViewState":{"showFog":false,"showMaterialUpdate":false,"showSkybox":false,"showFlares":false,"showImageEffects":false,"showParticleSystems":false},"in2DMode":false,"pivot":{"x":650.8876953125,"y":576.6542358398438,"z":89.19538879394531},"rotation":{"x":-0.07826226204633713,"y":-0.14749884605407716,"z":0.011704722419381142,"w":-0.985891580581665},"size":1335.926025390625,"orthographic":false}